{
  "r2_mean": 0.8435143041946465,
  "r2_std": 0.02112981058306039,
  "rmse_mean": 4809.9928009042005,
  "rmse_std": 264.2938165346786,
  "mae_mean": 2867.2792917129436,
  "mae_std": 200.67593917442028
}